{
  "curiosity_score": 0.5462199999999999,
  "list:reward_history": [
    {
      "timestamp": 1778124151328,
      "amount": 0.01916,
      "newScore": 0.51916
    },
    {
      "timestamp": 1778124204318,
      "amount": 0.018039999999999997,
      "newScore": 0.5371999999999999
    },
    {
      "timestamp": 1778124373744,
      "amount": 0.009019999999999999,
      "newScore": 0.5462199999999999
    }
  ],
  "pristine:topology_reward_test_001:15:9": 1778124201307
}